[
	{
		"binary" : "000000", 
		"data" : {
			"titvar" : "A space or indent", 
			"descvar" : "This will also reset some formatting such as numbers, all caps, or italics."
		}
	}, 
	{
		"binary" : "000001", 
		"data" : {
			"titvar" : "The capital sign", 
			"descvar" : "Used as a prefix, this will capitalize the first letter of a word. Use it twice to capitalize the whole WORD! Also, you can use it three times in a row START SHOUTING IN ALL CAPS. When you're done, you can shut down that noise down by using the capital sign sign twice to end the passage."
		}
	}, 
	{
		"binary" : "000010", 
		"data" : {
			"titvar" : "Special contraction character", 
			"descvar" : "This is used in a lot of contraction as a prefix to another symbol. Decode the second symbol to find out what it is."
		} 
	}, 
	{
		"binary" : "000011", 
		"data" : {
			"titvar" : "Special contraction character", 
			"descvar" : "Used in some contractions suffixes like -ful, -ity, -ment, -ong, -ness, or -tion. Decode other characters in the word to find out more."
		} 
	}, 
	{
		"binary" : "000100", 
		"data" : {
			"titvar" : "Title 000100", 
			"descvar" : "This is the 000100 content"
		} 
	}, 
	{
		"binary" : "000101", 
		"data" : {
			"titvar" : "Title 000101", 
			"descvar" : "This is the 000101 content"
		} 
	}, 
	{
		"binary" : "000110", 
		"data" : {
			"titvar" : "Title 000110", 
			"descvar" : "This is the 000110 content"
		} 
	}, 
	{
		"binary" : "000111", 
		"data" : {
			"titvar" : "Title 000111", 
			"descvar" : "This is the 000111 content"
		} 
	}, 
	{
		"binary" : "001000", 
		"data" : {
			"titvar" : "Title 001000", 
			"descvar" : "This is the 001000 content"
		} 
	}, 
	{
		"binary" : "001001", 
		"data" : {
			"titvar" : "Title 001001", 
			"descvar" : "This is the 001001 content"
		} 
	}, 
	{
		"binary" : "001010", 
		"data" : {
			"titvar" : "Title 001010", 
			"descvar" : "This is the 001010 content"
		} 
	}, 
	{
		"binary" : "001011", 
		"data" : {
			"titvar" : "Title 001011", 
			"descvar" : "This is the 001011 content"
		} 
	}, 
	{
		"binary" : "001100", 
		"data" : {
			"titvar" : "Title 001100", 
			"descvar" : "This is the 001100 content"
		} 
	}, 
	{
		"binary" : "001101", 
		"data" : {
			"titvar" : "Title 001101", 
			"descvar" : "This is the 001101 content"
		} 
	}, 
	{
		"binary" : "001110", 
		"data" : {
			"titvar" : "Title 001110", 
			"descvar" : "This is the 001110 content"
		} 
	}, 
	{
		"binary" : "001111", 
		"data" : {
			"titvar" : "Title 001111", 
			"descvar" : "This is the 001111 content"
		} 
	}, 
	{
		"binary" : "010000", 
		"data" : {
			"titvar" : "Title 010000", 
			"descvar" : "This is the 010000 content"
		} 
	}, 
	{
		"binary" : "010001", 
		"data" : {
			"titvar" : "Title 010001", 
			"descvar" : "This is the 010001 content"
		} 
	}, 
	{
		"binary" : "010010", 
		"data" : {
			"titvar" : "Title 010010", 
			"descvar" : "This is the 010010 content"
		} 
	}, 
	{
		"binary" : "010011", 
		"data" : {
			"titvar" : "Title 010011", 
			"descvar" : "This is the 010011 content"
		} 
	}, 
	{
		"binary" : "010100", 
		"data" : {
			"titvar" : "Title 010100", 
			"descvar" : "This is the 010100 content"
		} 
	}, 
	{
		"binary" : "010101", 
		"data" : {
			"titvar" : "Title 010101", 
			"descvar" : "This is the 010101 content"
		} 
	}, 
	{
		"binary" : "010110", 
		"data" : {
			"titvar" : "Title 010110", 
			"descvar" : "This is the 010110 content"
		} 
	}, 
	{
		"binary" : "010111", 
		"data" : {
			"titvar" : "Title 010111", 
			"descvar" : "This is the 010111 content"
		} 
	}, 
	{
		"binary" : "011000", 
		"data" : {
			"titvar" : "Title 011000", 
			"descvar" : "This is the 011000 content"
		} 
	}, 
	{
		"binary" : "011001", 
		"data" : {
			"titvar" : "Title 011001", 
			"descvar" : "This is the 011001 content"
		} 
	}, 
	{
		"binary" : "011010", 
		"data" : {
			"titvar" : "Title 011010", 
			"descvar" : "This is the 011010 content"
		} 
	}, 
	{
		"binary" : "011011", 
		"data" : {
			"titvar" : "Title 011011", 
			"descvar" : "This is the 011011 content"
		} 
	}, 
	{
		"binary" : "011100", 
		"data" : {
			"titvar" : "Title 011100", 
			"descvar" : "This is the 011100 content"
		} 
	}, 
	{
		"binary" : "011101", 
		"data" : {
			"titvar" : "Title 011101", 
			"descvar" : "This is the 011101 content"
		} 
	}, 
	{
		"binary" : "011110", 
		"data" : {
			"titvar" : "Title 011110", 
			"descvar" : "This is the 011110 content"
		} 
	}, 
	{
		"binary" : "011111", 
		"data" : {
			"titvar" : "Title 011111", 
			"descvar" : "This is the 011111 content"
		} 
	}, 
	{
		"binary" : "100000", 
		"data" : {
			"titvar" : "Title 100000", 
			"descvar" : "This is the 100000 content"
		}
	}, 
	{
		"binary" : "100001", 
		"data" : {
			"titvar" : "Title 100001", 
			"descvar" : "This is the 100001 content"
		}
	}, 
	{
		"binary" : "100010", 
		"data" : {
			"titvar" : "Title 100010", 
			"descvar" : "This is the 100010 content"
		} 
	}, 
	{
		"binary" : "100011", 
		"data" : {
			"titvar" : "Title 100011", 
			"descvar" : "This is the 100011 content"
		} 
	}, 
	{
		"binary" : "100100", 
		"data" : {
			"titvar" : "Title 100100", 
			"descvar" : "This is the 100100 content"
		} 
	}, 
	{
		"binary" : "100101", 
		"data" : {
			"titvar" : "Title 100101", 
			"descvar" : "This is the 100101 content"
		} 
	}, 
	{
		"binary" : "100110", 
		"data" : {
			"titvar" : "Title 100110", 
			"descvar" : "This is the 100110 content"
		} 
	}, 
	{
		"binary" : "100111", 
		"data" : {
			"titvar" : "Title 100111", 
			"descvar" : "This is the 100111 content"
		} 
	}, 
	{
		"binary" : "101000", 
		"data" : {
			"titvar" : "Title 101000", 
			"descvar" : "This is the 101000 content"
		} 
	}, 
	{
		"binary" : "101001", 
		"data" : {
			"titvar" : "Title 101001", 
			"descvar" : "This is the 101001 content"
		} 
	}, 
	{
		"binary" : "101010", 
		"data" : {
			"titvar" : "Title 101010", 
			"descvar" : "This is the 101010 content"
		} 
	}, 
	{
		"binary" : "101011", 
		"data" : {
			"titvar" : "Title 101011", 
			"descvar" : "This is the 101011 content"
		} 
	}, 
	{
		"binary" : "101100", 
		"data" : {
			"titvar" : "Title 101100", 
			"descvar" : "This is the 101100 content"
		} 
	}, 
	{
		"binary" : "101101", 
		"data" : {
			"titvar" : "Title 101101", 
			"descvar" : "This is the 101101 content"
		} 
	}, 
	{
		"binary" : "101110", 
		"data" : {
			"titvar" : "Title 101110", 
			"descvar" : "This is the 101110 content"
		} 
	}, 
	{
		"binary" : "101111", 
		"data" : {
			"titvar" : "Title 101111", 
			"descvar" : "This is the 101111 content"
		} 
	}, 
	{
		"binary" : "110000", 
		"data" : {
			"titvar" : "Title 110000", 
			"descvar" : "This is the 110000 content"
		} 
	}, 
	{
		"binary" : "110001", 
		"data" : {
			"titvar" : "Title 110001", 
			"descvar" : "This is the 110001 content"
		} 
	}, 
	{
		"binary" : "110010", 
		"data" : {
			"titvar" : "Title 110010", 
			"descvar" : "This is the 110010 content"
		} 
	}, 
	{
		"binary" : "110011", 
		"data" : {
			"titvar" : "Title 110011", 
			"descvar" : "This is the 110011 content"
		} 
	}, 
	{
		"binary" : "110100", 
		"data" : {
			"titvar" : "Title 110100", 
			"descvar" : "This is the 110100 content"
		} 
	}, 
	{
		"binary" : "110101", 
		"data" : {
			"titvar" : "Title 110101", 
			"descvar" : "This is the 110101 content"
		} 
	}, 
	{
		"binary" : "110110", 
		"data" : {
			"titvar" : "Title 110110", 
			"descvar" : "This is the 110110 content"
		} 
	}, 
	{
		"binary" : "110111", 
		"data" : {
			"titvar" : "Title 110111", 
			"descvar" : "This is the 110111 content"
		} 
	}, 
	{
		"binary" : "111000", 
		"data" : {
			"titvar" : "Title 111000", 
			"descvar" : "This is the 111000 content"
		} 
	}, 
	{
		"binary" : "111001", 
		"data" : {
			"titvar" : "Title 111001", 
			"descvar" : "This is the 111001 content"
		} 
	}, 
	{
		"binary" : "111010", 
		"data" : {
			"titvar" : "Title 111010", 
			"descvar" : "This is the 111010 content"
		} 
	}, 
	{
		"binary" : "111011", 
		"data" : {
			"titvar" : "Title 111011", 
			"descvar" : "This is the 111011 content"
		} 
	}, 
	{
		"binary" : "111100", 
		"data" : {
			"titvar" : "Title 111100", 
			"descvar" : "This is the 111100 content"
		} 
	}, 
	{
		"binary" : "111101", 
		"data" : {
			"titvar" : "Title 111101", 
			"descvar" : "This is the 111101 content"
		} 
	}, 
	{
		"binary" : "111110", 
		"data" : {
			"titvar" : "Title 111110", 
			"descvar" : "This is the 111110 content"
		} 
	}, 
	{
		"binary" : "111111", 
		"data" : {
			"titvar" : "Title 111111", 
			"descvar" : "This is the 111111 content"
		} 
	}
]